Num_Acc,senc,catv,occutc,obs,obsm,choc,manv,num_veh
201300045116,0,7,0,0.0,2.0,1.0,0.0,B01
201300014369,0,10,0,0.0,2.0,1.0,2.0,A01
201300014422,0,7,0,0.0,2.0,3.0,15.0,A01
201300035041,0,10,0,0.0,2.0,2.0,1.0,B01
201300047320,0,7,0,0.0,0.0,9.0,2.0,A01
201300004402,0,1,0,0.0,2.0,3.0,24.0,B02
201300007565,0,33,0,0.0,5.0,1.0,1.0,A01
201300018119,0,1,0,0.0,2.0,1.0,13.0,B02
201300024593,0,10,0,16.0,0.0,0.0,21.0,A01
201300005331,0,7,0,0.0,2.0,3.0,13.0,A01
201300034039,0,7,0,0.0,2.0,3.0,15.0,A01
201300034670,0,33,0,0.0,2.0,1.0,1.0,B01
201300049332,0,7,0,0.0,2.0,2.0,21.0,B01
201300042705,0,7,0,0.0,0.0,4.0,2.0,C01
201300013934,0,7,0,0.0,2.0,3.0,1.0,B01
201300037992,0,30,0,8.0,0.0,1.0,0.0,A01
201300011881,0,10,0,3.0,0.0,1.0,2.0,A01
201300055655,0,7,0,0.0,2.0,1.0,1.0,B01
201300013669,0,7,0,0.0,2.0,2.0,1.0,B01
201300048108,0,10,0,0.0,2.0,7.0,13.0,B01
201300011791,0,15,0,9.0,0.0,1.0,2.0,A01
201300055934,0,1,0,0.0,0.0,8.0,19.0,B01
201300015009,0,10,0,0.0,2.0,4.0,23.0,B01
201300006573,0,7,0,0.0,2.0,2.0,19.0,A01
201300028661,0,37,25,0.0,2.0,1.0,1.0,B01
201300050149,0,7,0,0.0,2.0,4.0,0.0,B01
201300053718,0,7,0,0.0,2.0,4.0,23.0,B01
201300041375,0,33,0,0.0,2.0,1.0,21.0,B01
201300056552,0,31,0,0.0,2.0,1.0,2.0,A01
201300023466,0,7,0,1.0,0.0,4.0,1.0,B01
201300028397,0,7,0,0.0,2.0,4.0,1.0,B01
201300050877,0,31,0,0.0,1.0,2.0,5.0,A01
201300055415,0,33,0,0.0,2.0,1.0,7.0,A01
201300021710,0,10,0,0.0,1.0,1.0,2.0,C03
201300044382,0,7,0,0.0,1.0,2.0,1.0,A01
201300023291,0,17,0,0.0,0.0,4.0,2.0,C03
201300014846,0,30,0,0.0,2.0,1.0,0.0,A01
201300025319,0,7,0,0.0,2.0,6.0,2.0,B01
201300048879,0,7,0,0.0,2.0,1.0,2.0,A01
201300047247,0,31,0,0.0,0.0,0.0,0.0,A01
201300023088,0,7,0,0.0,0.0,0.0,0.0,B01
201300000960,0,33,0,0.0,2.0,7.0,1.0,B02
201300023708,0,1,0,0.0,0.0,3.0,1.0,B01
201300030828,0,30,0,0.0,1.0,1.0,0.0,A01
201300014783,0,7,0,12.0,0.0,9.0,20.0,A01
201300034975,0,37,56,0.0,0.0,3.0,1.0,B01
201300015927,0,7,0,0.0,2.0,1.0,15.0,B01
201300003922,0,14,0,0.0,2.0,3.0,13.0,A02
201300057872,0,7,0,0.0,0.0,3.0,0.0,A01
201300014558,0,2,0,0.0,0.0,0.0,0.0,A01
201300017514,0,7,0,3.0,2.0,2.0,1.0,A01
201300034308,0,7,0,0.0,1.0,0.0,2.0,A01
201300018578,0,15,0,0.0,2.0,3.0,13.0,A01
201300027402,0,7,0,0.0,1.0,8.0,1.0,A01
201300030311,0,7,0,0.0,2.0,0.0,15.0,A01
201300001053,0,3,0,2.0,0.0,3.0,13.0,A01
201300036328,0,7,0,13.0,0.0,7.0,1.0,A01
201300041380,2,7,0,0.0,0.0,0.0,2.0,Z01
201300012713,0,7,0,0.0,2.0,3.0,1.0,B02
201300053397,0,2,0,8.0,2.0,3.0,1.0,A01
201300054091,0,33,0,0.0,2.0,1.0,1.0,B01
201300019131,0,33,0,0.0,0.0,0.0,1.0,A01
201300056162,0,7,0,0.0,2.0,7.0,23.0,C01
201300018195,0,7,0,0.0,2.0,1.0,1.0,B02
201300032423,0,7,0,0.0,2.0,3.0,15.0,A01
201300041490,0,7,0,6.0,0.0,2.0,0.0,A01
201300034479,0,7,0,0.0,1.0,2.0,1.0,A01
201300046548,0,7,0,0.0,2.0,6.0,2.0,A01
201300020761,0,7,0,0.0,2.0,3.0,1.0,B01
201300023240,0,17,0,0.0,0.0,4.0,24.0,B02
201300005062,0,10,0,0.0,2.0,7.0,15.0,A01
201300037048,0,7,0,0.0,2.0,1.0,1.0,A01
201300011972,0,7,0,14.0,0.0,3.0,1.0,A01
201300005978,0,7,0,1.0,0.0,1.0,1.0,A01
201300048886,0,15,0,0.0,2.0,3.0,2.0,A01
201300042263,0,1,0,0.0,2.0,1.0,1.0,B01
201300004814,0,7,0,0.0,2.0,3.0,1.0,A01
201300046841,0,7,0,0.0,0.0,4.0,2.0,B01
201300045624,0,7,0,0.0,2.0,4.0,2.0,B01
201300057521,0,7,0,0.0,2.0,9.0,2.0,C01
201300035478,0,7,0,0.0,0.0,1.0,2.0,A01
201300052567,0,7,0,0.0,2.0,1.0,1.0,A01
201300032860,0,7,0,0.0,2.0,2.0,14.0,A01
201300055266,0,7,0,0.0,2.0,5.0,16.0,A01
201300053648,0,1,0,0.0,2.0,1.0,1.0,B01
201300016915,0,7,0,0.0,1.0,1.0,20.0,A01
201300056878,0,7,0,0.0,2.0,8.0,1.0,B02
201300001560,0,7,0,0.0,2.0,2.0,1.0,B01
201300050211,0,7,0,0.0,1.0,2.0,1.0,A01
201300020570,0,33,0,0.0,0.0,8.0,1.0,A01
201300018315,0,7,0,6.0,0.0,2.0,14.0,A01
201300034696,0,7,0,0.0,0.0,4.0,2.0,B01
201300028234,0,7,0,0.0,2.0,4.0,2.0,C01
201300001396,0,7,0,0.0,2.0,1.0,1.0,A01
201300005704,0,7,0,0.0,2.0,1.0,1.0,B02
201300037849,0,7,0,0.0,2.0,8.0,10.0,A01
201300007197,0,33,0,0.0,2.0,1.0,13.0,B02
201300030489,0,7,0,0.0,2.0,1.0,1.0,A01
201300018989,0,7,0,0.0,2.0,3.0,1.0,A01
201300006039,0,7,0,0.0,2.0,2.0,2.0,A01
201300037391,0,7,0,0.0,1.0,2.0,1.0,A01
201300035715,0,33,0,0.0,0.0,0.0,1.0,B01
201300056218,0,33,0,0.0,2.0,5.0,1.0,A01
201300042580,1,7,0,0.0,0.0,0.0,0.0,Z01
201300057101,0,7,0,0.0,1.0,3.0,17.0,A01
201300058318,0,7,0,3.0,0.0,2.0,14.0,A01
201300016313,0,7,0,0.0,0.0,6.0,1.0,B01
201300031806,0,7,0,0.0,2.0,8.0,1.0,B01
201300030313,0,7,0,0.0,2.0,1.0,2.0,A01
201300032954,0,7,0,0.0,2.0,4.0,1.0,B01
201300034556,1,7,0,0.0,1.0,0.0,0.0,A01
201300028647,0,7,0,0.0,2.0,2.0,1.0,A01
201300045335,0,7,0,0.0,2.0,4.0,2.0,B01
201300013633,0,7,0,0.0,2.0,1.0,1.0,A01
201300030176,0,30,0,0.0,2.0,1.0,1.0,B01
201300042342,0,7,0,0.0,2.0,8.0,11.0,A01
201300051229,0,7,0,14.0,2.0,1.0,1.0,A01
201300001492,0,7,0,0.0,2.0,8.0,10.0,B01
201300019034,0,14,0,13.0,0.0,1.0,1.0,A01
201300056023,0,1,0,0.0,2.0,3.0,7.0,B01
201300017948,0,10,0,0.0,2.0,2.0,17.0,B02
201300031201,0,7,0,0.0,2.0,1.0,1.0,B01
201300000510,0,7,0,0.0,2.0,3.0,15.0,A01
201300019325,0,7,0,0.0,2.0,1.0,2.0,A01
201300032242,0,3,0,4.0,0.0,1.0,1.0,A01
201300056635,0,7,0,0.0,2.0,1.0,1.0,A01
201300050427,0,32,0,0.0,1.0,5.0,1.0,A01
201300028644,0,1,0,0.0,2.0,8.0,1.0,B01
201300056562,0,7,0,0.0,2.0,6.0,11.0,A01
201300001836,0,1,0,0.0,2.0,1.0,19.0,B02
201300040695,0,7,0,0.0,0.0,4.0,23.0,B01
201300015558,0,30,0,0.0,2.0,1.0,1.0,B01
201300037278,0,7,0,0.0,2.0,1.0,1.0,B01
201300046392,0,33,0,0.0,2.0,7.0,0.0,A01
201300045006,0,7,0,0.0,2.0,2.0,1.0,B01
201300032243,0,7,0,6.0,0.0,1.0,6.0,A01
201300034245,0,7,0,0.0,1.0,3.0,15.0,A01
201300022249,0,7,0,0.0,2.0,1.0,1.0,A01
201300024343,0,7,0,0.0,1.0,3.0,15.0,A01
201300010560,1,10,0,0.0,2.0,1.0,1.0,Z01
201300044654,0,7,0,0.0,1.0,0.0,0.0,A01
201300018451,0,33,0,0.0,2.0,0.0,17.0,A01
201300027313,0,7,0,0.0,1.0,1.0,1.0,A01
201300046493,0,7,0,0.0,2.0,9.0,1.0,A01
201300055257,0,2,0,0.0,2.0,1.0,17.0,B01
201300002672,0,7,0,0.0,2.0,8.0,1.0,A01
201300041707,0,7,0,0.0,1.0,4.0,4.0,A01
201300019740,0,7,0,0.0,2.0,1.0,0.0,C03
201300030836,0,7,0,0.0,2.0,4.0,0.0,B01
201300051992,0,7,0,14.0,2.0,3.0,13.0,A01
201300024255,0,7,0,0.0,1.0,4.0,4.0,A01
201300056081,0,14,0,0.0,2.0,2.0,1.0,A01
201300038594,0,7,0,0.0,1.0,2.0,15.0,A01
201300004737,0,7,0,0.0,0.0,3.0,9.0,A01
201300058330,0,7,0,8.0,0.0,1.0,14.0,A01
201300013119,0,33,0,0.0,2.0,1.0,1.0,A01
201300047343,0,7,0,0.0,2.0,1.0,2.0,A01
201300012992,0,7,0,0.0,2.0,1.0,0.0,A01
201300010352,0,33,0,0.0,2.0,1.0,0.0,B01
201300004349,0,7,0,0.0,2.0,3.0,1.0,A01
201300022749,0,7,0,0.0,1.0,4.0,4.0,A01
201300009369,0,2,0,0.0,2.0,3.0,10.0,A01
201300036920,0,7,0,0.0,1.0,2.0,1.0,A01
201300045640,0,7,0,0.0,2.0,7.0,23.0,B01
201300023853,0,10,0,0.0,0.0,7.0,2.0,B01
201300041025,0,1,0,0.0,0.0,3.0,15.0,B01
201300038581,0,7,0,0.0,2.0,3.0,9.0,A01
201300002085,0,7,0,8.0,0.0,1.0,1.0,A01
201300006169,0,2,0,0.0,2.0,7.0,5.0,A01
201300044062,0,7,0,0.0,2.0,3.0,15.0,A01
201300019503,0,2,0,0.0,2.0,3.0,1.0,B01
201300049868,1,7,0,0.0,0.0,0.0,0.0,Z01
201300037377,0,30,0,0.0,2.0,1.0,1.0,B01
201300007386,0,7,0,0.0,2.0,4.0,15.0,B02
201300013834,0,7,0,0.0,0.0,4.0,2.0,B01
201300008055,0,7,0,6.0,0.0,5.0,1.0,A01
201300018212,0,7,0,0.0,2.0,1.0,1.0,B02
201300023020,0,7,0,0.0,2.0,1.0,0.0,A01
201300057837,0,2,0,0.0,2.0,7.0,0.0,B01
201300026548,0,7,0,0.0,2.0,5.0,1.0,A01
201300049198,0,10,0,0.0,2.0,1.0,2.0,A01
201300039465,0,7,0,0.0,2.0,1.0,15.0,A01
201300011859,0,7,0,3.0,0.0,1.0,1.0,A01
201300050956,0,7,0,0.0,1.0,7.0,1.0,A01
201300046459,0,34,0,0.0,2.0,1.0,3.0,B01
201300027550,0,10,0,0.0,2.0,3.0,1.0,A01
201300028435,0,7,0,0.0,1.0,1.0,0.0,A01
201300040517,0,1,0,0.0,1.0,1.0,1.0,A01
201300019245,0,7,0,0.0,2.0,6.0,15.0,B01
201300034612,0,31,0,0.0,2.0,1.0,1.0,B01
201300024907,0,7,0,0.0,0.0,6.0,1.0,B01
201300018928,0,7,0,0.0,2.0,3.0,13.0,A01
201300018595,0,7,0,10.0,0.0,1.0,1.0,A01
201300056806,0,14,0,0.0,2.0,2.0,12.0,A01
201300015926,0,10,0,0.0,2.0,3.0,1.0,B01
201300034041,0,30,0,0.0,2.0,1.0,1.0,A01
201300039237,0,1,0,0.0,2.0,8.0,0.0,B01
201300030948,0,7,0,0.0,2.0,7.0,1.0,B01
201300013625,0,33,0,0.0,2.0,1.0,1.0,A01
201300000515,0,2,0,0.0,2.0,8.0,0.0,A01
201300016281,0,7,0,0.0,2.0,1.0,15.0,A01
201300020948,0,14,0,0.0,0.0,6.0,2.0,B02
201300041032,0,33,0,0.0,2.0,7.0,2.0,B01
201300017145,0,7,0,13.0,0.0,2.0,1.0,A01
201300048904,0,33,0,0.0,0.0,7.0,1.0,A01
201300027530,0,33,0,0.0,2.0,1.0,1.0,A01
201300025581,0,7,0,0.0,2.0,1.0,19.0,A01
201300045043,1,7,0,0.0,1.0,0.0,1.0,Z01
201300019459,0,7,0,0.0,0.0,1.0,0.0,A01
201300043096,0,7,0,0.0,1.0,2.0,2.0,A01
201300008281,0,10,0,14.0,1.0,2.0,1.0,C03
201300027710,0,7,0,0.0,1.0,2.0,1.0,A01
201300005366,0,7,0,0.0,2.0,2.0,1.0,B02
201300033148,1,34,0,0.0,1.0,0.0,1.0,Z01
201300032281,0,30,0,0.0,1.0,1.0,1.0,A01
201300034018,0,1,0,0.0,2.0,1.0,18.0,B01
201300039654,0,7,0,0.0,2.0,2.0,1.0,B01
201300004422,0,7,0,0.0,2.0,3.0,23.0,B02
201300034132,0,7,0,0.0,2.0,1.0,9.0,B01
201300044939,0,33,0,0.0,2.0,1.0,5.0,A01
201300041266,0,33,0,0.0,2.0,1.0,17.0,B01
201300010306,0,31,0,0.0,2.0,1.0,1.0,B01
201300051128,0,10,0,0.0,2.0,5.0,1.0,B01
201300019036,0,7,0,0.0,2.0,2.0,1.0,B02
201300000433,0,7,0,0.0,2.0,3.0,0.0,A01
201300015930,0,33,0,0.0,0.0,0.0,0.0,B01
201300033117,0,7,0,0.0,2.0,3.0,9.0,A01
201300024578,0,13,0,0.0,2.0,1.0,17.0,B01
201300034137,0,7,0,7.0,2.0,8.0,15.0,A01
201300024298,0,32,0,0.0,2.0,1.0,1.0,B01
201300020069,0,7,0,0.0,2.0,1.0,2.0,A01
201300015109,0,2,0,0.0,2.0,1.0,0.0,B01
201300017499,0,33,0,0.0,0.0,1.0,1.0,A01
201300032610,0,7,0,0.0,2.0,1.0,2.0,A01
201300038748,0,30,0,0.0,2.0,2.0,3.0,B01
201300051146,0,10,0,0.0,2.0,1.0,2.0,A01
201300006839,0,7,0,0.0,2.0,1.0,1.0,B02
201300032278,0,7,0,0.0,2.0,3.0,1.0,C01
201300022505,0,7,0,1.0,2.0,2.0,1.0,A01
201300008266,0,7,0,0.0,2.0,1.0,1.0,B02
201300043790,0,7,0,0.0,2.0,1.0,1.0,A01
201300039956,0,7,0,0.0,1.0,1.0,1.0,A01
201300055786,0,7,0,0.0,2.0,2.0,16.0,A01
201300014942,0,30,0,0.0,2.0,7.0,1.0,B01
201300034073,0,7,0,0.0,2.0,4.0,2.0,B01
201300001200,0,7,0,0.0,2.0,8.0,19.0,B02
201300046017,0,33,0,0.0,2.0,1.0,0.0,A01
201300017580,0,7,0,2.0,0.0,8.0,1.0,A01
201300057885,0,2,0,0.0,2.0,3.0,1.0,B01
201300028124,0,7,0,0.0,2.0,3.0,1.0,B01
201300042693,0,36,0,0.0,2.0,9.0,17.0,A01
201300001141,0,10,0,0.0,2.0,1.0,1.0,B02
201300046855,0,7,0,0.0,2.0,7.0,0.0,B01
201300007830,0,31,0,6.0,0.0,8.0,0.0,A01
201300000178,0,17,0,0.0,0.0,3.0,21.0,A01
201300040191,0,7,0,0.0,2.0,3.0,1.0,A01
201300044043,0,10,0,0.0,1.0,2.0,1.0,A01
201300042667,0,7,0,0.0,1.0,1.0,16.0,A01
201300045686,0,7,0,0.0,2.0,1.0,1.0,B01
201300026073,0,32,0,0.0,2.0,1.0,1.0,A01
201300047651,0,33,0,0.0,2.0,8.0,3.0,A01
201300052010,0,7,0,0.0,2.0,8.0,1.0,B01
201300057267,0,2,0,0.0,0.0,4.0,1.0,B02
201300025249,0,7,0,0.0,2.0,5.0,2.0,D01
201300027526,0,7,0,0.0,2.0,9.0,1.0,B01
201300001356,0,7,0,0.0,2.0,3.0,1.0,A01
201300015056,0,7,0,0.0,0.0,2.0,10.0,A01
201300019278,0,7,0,0.0,2.0,2.0,1.0,A01
201300053233,0,7,0,9.0,0.0,1.0,13.0,A01
201300017955,0,7,0,0.0,2.0,1.0,1.0,B02
201300012428,0,1,0,0.0,2.0,1.0,2.0,B02
201300016328,0,7,0,0.0,2.0,8.0,1.0,B01
201300021463,0,7,0,0.0,2.0,5.0,15.0,A01
201300005303,0,7,0,0.0,2.0,1.0,1.0,B02
201300036736,0,7,0,0.0,2.0,1.0,1.0,A01
201300004993,0,7,0,0.0,2.0,3.0,1.0,B02
201300047114,0,7,0,0.0,2.0,4.0,2.0,B01
201300004741,0,7,0,0.0,2.0,3.0,15.0,A01
201300019105,0,10,0,0.0,2.0,2.0,15.0,A01
201300050924,0,2,0,0.0,0.0,2.0,1.0,A01
201300053082,0,7,0,0.0,2.0,7.0,15.0,A01
201300051134,0,7,0,0.0,2.0,1.0,1.0,A01
201300037996,1,13,0,0.0,2.0,8.0,13.0,Z01
201300004504,0,33,0,0.0,2.0,1.0,13.0,A01
201300034877,0,7,0,9.0,0.0,7.0,1.0,A01
201300016654,0,7,0,0.0,0.0,1.0,0.0,A01
201300050668,0,1,0,0.0,2.0,1.0,7.0,A01
201300006986,0,7,0,0.0,2.0,3.0,1.0,B02
201300021443,0,7,0,0.0,2.0,3.0,15.0,A01
201300010675,0,10,0,0.0,2.0,3.0,15.0,A01
201300027649,0,7,0,0.0,2.0,4.0,1.0,B01
201300050177,0,32,0,0.0,2.0,5.0,11.0,B01
201300003492,0,33,0,0.0,2.0,8.0,1.0,A01
201300021557,0,17,0,0.0,2.0,9.0,1.0,C01
201300021220,0,7,0,0.0,0.0,6.0,15.0,A01
201300018842,0,33,0,3.0,0.0,1.0,1.0,A01
201300048208,0,7,0,0.0,2.0,1.0,5.0,A01
201300035015,0,3,0,0.0,1.0,6.0,16.0,A01
201300012280,0,33,0,1.0,2.0,6.0,24.0,B02
201300003897,0,10,0,13.0,0.0,2.0,14.0,A01
201300008513,0,7,0,0.0,2.0,3.0,1.0,A01
201300022873,0,7,0,0.0,2.0,3.0,15.0,A01
201300056408,0,7,0,0.0,2.0,4.0,23.0,C01
201300058066,0,7,0,0.0,0.0,9.0,0.0,A01
201300007554,0,7,0,2.0,0.0,3.0,1.0,A01
201300024870,0,40,0,0.0,2.0,1.0,1.0,B01
201300022991,0,2,0,0.0,2.0,1.0,0.0,A01
201300024989,0,7,0,0.0,2.0,4.0,1.0,B01
201300035459,0,7,0,0.0,2.0,4.0,23.0,B01
201300026675,0,31,0,0.0,2.0,1.0,1.0,A01
201300003726,0,7,0,13.0,0.0,3.0,13.0,A01
201300035622,1,7,0,0.0,1.0,0.0,11.0,A01
201300037945,0,10,0,0.0,1.0,1.0,1.0,A01
201300021667,0,7,0,0.0,2.0,1.0,1.0,B02
201300028345,1,7,0,0.0,1.0,1.0,0.0,A01
201300053475,0,33,0,0.0,0.0,0.0,1.0,A01
201300045677,0,7,0,0.0,2.0,8.0,1.0,A01
201300004850,0,7,0,0.0,9.0,7.0,19.0,A01
201300019788,0,7,0,0.0,2.0,2.0,15.0,A01
201300049043,0,30,0,1.0,2.0,1.0,1.0,B01
201300014961,0,7,0,0.0,2.0,3.0,1.0,A01
201300042392,0,7,0,12.0,0.0,0.0,0.0,A01
201300010932,0,31,0,0.0,2.0,0.0,1.0,B01
201300020062,0,7,0,0.0,2.0,1.0,17.0,B02
201300022094,0,7,0,0.0,2.0,1.0,15.0,A01
201300016974,0,7,0,0.0,0.0,0.0,1.0,A01
201300014163,0,7,0,0.0,2.0,3.0,1.0,B01
201300000493,0,7,0,2.0,0.0,1.0,1.0,A01
201300021963,0,7,0,0.0,9.0,2.0,2.0,A01
201300051302,0,7,0,0.0,0.0,2.0,1.0,A01
201300047319,0,7,0,0.0,0.0,4.0,2.0,D01
201300025768,0,1,0,0.0,2.0,1.0,1.0,A01
201300010159,0,31,0,0.0,2.0,1.0,1.0,B01
201300049733,0,7,0,0.0,2.0,1.0,12.0,A01