Num_Acc,senc,catv,occutc,obs,obsm,choc,manv,num_veh
201300023836,0,7,0,0.0,2.0,3.0,22.0,A01
201300024095,1,7,0,0.0,1.0,0.0,1.0,Z01
201300051986,0,33,0,0.0,2.0,1.0,15.0,B01
201300056556,0,32,0,0.0,2.0,3.0,13.0,A01
201300048570,0,7,0,0.0,0.0,1.0,0.0,A01
201300044486,0,10,0,0.0,2.0,3.0,9.0,A01
201300013876,0,7,0,1.0,1.0,7.0,0.0,A01
201300015922,0,30,0,0.0,2.0,1.0,1.0,B01
201300038171,0,7,0,0.0,1.0,1.0,15.0,A01
201300023534,0,7,0,0.0,2.0,2.0,16.0,A01
201300020469,0,7,0,0.0,2.0,3.0,1.0,B02
201300017977,0,10,0,0.0,2.0,1.0,0.0,A01
201300023420,0,13,0,0.0,2.0,0.0,1.0,B01
201300016732,0,33,0,0.0,2.0,1.0,1.0,B01
201300017378,0,7,0,6.0,0.0,2.0,1.0,A01
201300007594,0,7,0,13.0,2.0,1.0,1.0,B02
201300045136,0,7,0,0.0,1.0,1.0,1.0,A01
201300030998,0,30,0,1.0,0.0,1.0,1.0,A01
201300031136,1,7,0,0.0,0.0,0.0,0.0,Z01
201300040322,0,31,0,0.0,2.0,1.0,1.0,A01
201300023908,0,7,0,0.0,0.0,5.0,1.0,B01
201300039181,0,7,0,0.0,2.0,2.0,15.0,A01
201300015820,0,7,0,0.0,2.0,7.0,2.0,A01
201300041527,0,33,0,0.0,0.0,1.0,0.0,A01
201300057545,1,31,0,0.0,2.0,1.0,2.0,A01
201300010304,0,7,0,0.0,2.0,1.0,1.0,A01
201300031097,0,10,0,0.0,2.0,4.0,2.0,B01
201300031205,0,7,0,0.0,1.0,2.0,0.0,A01
201300040076,0,1,0,0.0,2.0,3.0,2.0,B01
201300011957,0,7,0,0.0,2.0,8.0,1.0,D04
201300012136,0,7,0,13.0,0.0,9.0,0.0,A01
201300054092,0,33,0,0.0,1.0,1.0,17.0,A01
201300005595,0,7,0,0.0,2.0,1.0,2.0,A01
201300056394,1,15,0,0.0,2.0,7.0,14.0,Z01
201300051014,0,7,0,0.0,2.0,1.0,15.0,B01
201300004891,0,7,0,0.0,2.0,3.0,21.0,B02
201300006242,0,36,0,0.0,2.0,3.0,5.0,A01
201300051137,0,30,0,0.0,2.0,0.0,21.0,A01
201300047795,0,7,0,1.0,0.0,1.0,0.0,A01
201300020723,0,7,0,0.0,2.0,8.0,1.0,C01
201300022981,0,7,0,0.0,2.0,0.0,0.0,A01
201300026783,0,7,0,0.0,0.0,0.0,10.0,A01
201300045444,0,7,0,0.0,2.0,6.0,12.0,A01
201300003882,0,7,0,10.0,0.0,1.0,21.0,A01
201300023416,0,7,0,0.0,1.0,1.0,0.0,A01
201300017888,0,33,0,0.0,2.0,1.0,0.0,B02
201300002542,0,33,0,0.0,2.0,7.0,1.0,C03
201300025857,0,30,0,1.0,0.0,1.0,1.0,B01
201300034760,0,33,0,0.0,2.0,1.0,1.0,B01
201300010047,0,30,0,0.0,2.0,2.0,1.0,B01
201300014879,0,7,0,0.0,2.0,1.0,1.0,D01
201300047115,0,7,0,14.0,2.0,1.0,2.0,A01
201300001946,0,7,0,0.0,2.0,3.0,1.0,B02
201300032197,0,7,0,0.0,2.0,3.0,9.0,A01
201300012752,0,7,0,0.0,0.0,4.0,23.0,B01
201300049750,0,7,0,0.0,2.0,4.0,2.0,A01
201300018720,0,7,0,0.0,2.0,1.0,1.0,B02
201300003991,0,7,0,0.0,2.0,3.0,1.0,C03
201300009538,0,7,0,0.0,2.0,5.0,6.0,A01
201300051346,0,33,0,0.0,2.0,1.0,1.0,B01
201300048376,0,7,0,0.0,2.0,2.0,9.0,A01
201300047319,0,7,0,0.0,2.0,4.0,2.0,B01
201300057774,0,7,0,0.0,2.0,4.0,2.0,B01
201300016327,0,7,0,0.0,2.0,4.0,1.0,B01
201300054652,0,7,0,0.0,2.0,1.0,1.0,B01
201300037167,0,2,0,0.0,2.0,8.0,15.0,A01
201300044547,0,7,0,0.0,2.0,3.0,16.0,A01
201300017209,0,7,0,13.0,0.0,6.0,1.0,A01
201300052422,0,10,0,0.0,1.0,4.0,4.0,A01
201300027633,0,7,0,0.0,2.0,3.0,1.0,A01
201300045808,0,7,0,0.0,2.0,8.0,11.0,A01
201300051326,0,7,0,0.0,2.0,3.0,9.0,A01
201300003901,0,7,0,0.0,2.0,1.0,1.0,B02
201300023479,0,7,0,0.0,2.0,5.0,4.0,A01
201300032549,0,30,0,0.0,1.0,1.0,1.0,A01
201300020598,0,7,0,0.0,1.0,1.0,1.0,A01
201300037541,0,7,0,0.0,2.0,4.0,2.0,B01
201300005448,0,7,0,6.0,0.0,3.0,1.0,A01
201300043281,0,7,0,0.0,0.0,8.0,9.0,A01
201300011707,0,7,0,0.0,2.0,1.0,2.0,F06
201300000961,0,7,0,0.0,2.0,8.0,1.0,B02
201300019169,0,7,0,0.0,2.0,5.0,15.0,A01
201300039479,0,7,0,6.0,1.0,2.0,16.0,A01
201300044433,0,37,0,0.0,2.0,5.0,2.0,A01
201300012137,0,33,0,4.0,0.0,2.0,1.0,A01
201300028234,0,7,0,0.0,2.0,4.0,2.0,B01
201300023113,0,7,0,0.0,2.0,5.0,16.0,A01
201300007228,0,7,0,0.0,2.0,7.0,1.0,B02
201300049639,0,34,0,0.0,0.0,0.0,0.0,A01
201300043591,0,7,0,0.0,0.0,4.0,2.0,C01
201300017810,0,7,0,0.0,2.0,2.0,1.0,A01
201300044958,0,7,0,0.0,2.0,3.0,15.0,B01
201300017863,0,7,0,0.0,2.0,3.0,1.0,B02
201300021594,0,1,0,0.0,0.0,8.0,1.0,B02
201300008857,0,7,0,13.0,0.0,2.0,14.0,A01
201300041833,0,32,0,0.0,2.0,1.0,0.0,B01
201300029531,0,1,0,0.0,2.0,1.0,9.0,A01
201300042222,0,7,0,0.0,2.0,3.0,1.0,A01
201300019540,0,33,0,0.0,2.0,1.0,0.0,B01
201300026707,0,7,0,0.0,2.0,1.0,1.0,A01
201300037454,0,1,0,0.0,2.0,1.0,1.0,B01
201300049879,0,10,0,0.0,0.0,1.0,1.0,B01
201300043641,0,7,0,0.0,2.0,3.0,1.0,B01
201300000810,0,7,0,0.0,2.0,2.0,19.0,A01
201300050129,0,7,0,0.0,2.0,1.0,1.0,B01
201300010803,0,7,0,0.0,1.0,2.0,1.0,A01
201300056047,0,31,0,0.0,2.0,4.0,2.0,B01
201300036167,0,7,0,6.0,0.0,9.0,2.0,B01
201300000946,0,7,0,0.0,2.0,7.0,1.0,A01
201300002470,0,7,0,0.0,2.0,3.0,1.0,B02
201300057429,2,99,0,1.0,1.0,3.0,2.0,Z01
201300049030,0,37,35,0.0,1.0,2.0,1.0,A01
201300018435,0,7,0,0.0,0.0,1.0,1.0,A01
201300055949,0,31,0,12.0,0.0,7.0,14.0,A01
201300035948,0,7,0,1.0,1.0,3.0,1.0,A01
201300026824,0,33,0,4.0,2.0,1.0,1.0,A01
201300000606,0,33,0,0.0,2.0,1.0,1.0,A01
201300041067,0,7,0,0.0,2.0,1.0,15.0,B01
201300029307,0,30,0,0.0,0.0,1.0,1.0,A01
201300014397,0,7,0,0.0,2.0,6.0,2.0,B01
201300035906,0,37,1,0.0,2.0,7.0,1.0,B01
201300003213,0,20,0,0.0,2.0,7.0,15.0,A01
201300016096,0,10,0,0.0,1.0,6.0,1.0,A01
201300000569,0,10,0,0.0,2.0,3.0,2.0,A01
201300027753,0,7,0,0.0,2.0,1.0,1.0,A01
201300048103,0,7,0,0.0,2.0,1.0,1.0,B01
201300033299,0,7,0,0.0,2.0,1.0,2.0,A01
201300026181,1,7,0,0.0,2.0,2.0,1.0,Z01
201300041250,0,7,0,2.0,2.0,8.0,2.0,A01
201300056319,0,7,0,0.0,2.0,8.0,13.0,A01
201300046020,0,10,0,0.0,2.0,6.0,0.0,A01
201300038660,0,7,0,0.0,2.0,4.0,2.0,B01
201300018295,0,7,0,0.0,2.0,1.0,1.0,A01
201300014421,0,7,0,0.0,2.0,2.0,10.0,A01
201300002956,0,2,0,0.0,2.0,1.0,19.0,B02
201300033424,0,7,0,0.0,1.0,3.0,1.0,A01
201300016879,0,2,0,12.0,2.0,1.0,1.0,A01
201300030995,0,7,0,0.0,1.0,7.0,1.0,A01
201300032208,0,7,0,0.0,1.0,1.0,16.0,A01
201300056997,0,7,0,2.0,0.0,3.0,13.0,A01
201300050006,0,7,0,0.0,2.0,9.0,14.0,A01
201300033815,0,7,0,0.0,2.0,1.0,2.0,A01
201300033856,0,7,0,0.0,9.0,7.0,1.0,B01
201300050740,0,7,0,0.0,1.0,3.0,1.0,A01
201300001292,0,7,0,0.0,2.0,1.0,1.0,A01
201300019492,0,7,0,0.0,2.0,0.0,0.0,B01
201300050686,0,1,0,0.0,2.0,0.0,7.0,A01
201300044490,0,7,0,0.0,1.0,3.0,1.0,A01
201300000366,0,7,0,6.0,0.0,7.0,13.0,A01
201300007659,0,33,0,0.0,0.0,1.0,1.0,B02
201300015173,0,33,0,0.0,0.0,1.0,1.0,B01
201300023923,0,7,0,0.0,2.0,2.0,1.0,A01
201300022476,0,7,0,0.0,2.0,2.0,1.0,B01
201300036346,0,7,0,2.0,0.0,1.0,6.0,A01
201300039315,0,33,0,0.0,2.0,8.0,1.0,C01
201300044489,0,10,0,0.0,2.0,2.0,9.0,A01
201300045144,0,7,0,0.0,2.0,1.0,1.0,A01
201300031150,0,7,0,0.0,2.0,2.0,11.0,A01
201300007991,0,7,0,0.0,2.0,1.0,1.0,B02
201300017421,0,33,0,2.0,0.0,1.0,1.0,A01
201300040510,0,10,0,0.0,1.0,3.0,16.0,A01
201300018360,0,7,0,0.0,0.0,3.0,19.0,B02
201300057539,0,33,0,0.0,2.0,9.0,1.0,B01
201300031051,0,7,0,0.0,2.0,3.0,15.0,B01
201300024567,0,7,0,15.0,0.0,2.0,14.0,A01
201300031094,0,7,0,0.0,1.0,1.0,6.0,A01
201300007099,0,10,0,0.0,0.0,1.0,1.0,B02
201300040838,1,7,0,0.0,0.0,3.0,0.0,A01
201300010224,0,1,0,0.0,2.0,1.0,17.0,A01
201300013092,0,7,0,0.0,2.0,2.0,1.0,A01
201300039927,0,10,0,0.0,2.0,3.0,17.0,A01
201300017169,0,7,0,0.0,0.0,1.0,9.0,A01
201300049234,0,10,0,0.0,0.0,1.0,2.0,A01
201300025380,0,33,0,0.0,2.0,4.0,2.0,B01
201300013940,1,7,0,0.0,2.0,1.0,2.0,Z01
201300025266,0,7,0,0.0,1.0,0.0,1.0,A01
201300007245,0,33,0,13.0,0.0,1.0,14.0,A01
201300031595,0,7,0,0.0,0.0,1.0,1.0,B01
201300000829,0,7,0,6.0,0.0,1.0,1.0,A01
201300000371,0,7,0,0.0,2.0,2.0,20.0,A01
201300004922,0,7,0,0.0,2.0,8.0,1.0,B02
201300008742,0,33,0,0.0,2.0,1.0,1.0,B02
201300048482,0,30,0,0.0,2.0,1.0,1.0,A01
201300021121,0,7,0,0.0,2.0,1.0,13.0,A01
201300016609,0,10,0,13.0,0.0,2.0,1.0,A01
201300015056,0,34,0,1.0,2.0,6.0,1.0,B01
201300051464,0,1,0,0.0,2.0,3.0,1.0,B01
201300018110,0,7,0,0.0,2.0,1.0,1.0,B02
201300041807,0,7,0,0.0,2.0,1.0,2.0,A01
201300053740,0,1,0,0.0,1.0,0.0,5.0,A01
201300010308,0,32,0,0.0,2.0,1.0,1.0,B01
201300032949,0,10,0,0.0,2.0,7.0,15.0,A01
201300022027,0,15,0,3.0,2.0,7.0,1.0,A01
201300008886,0,33,0,0.0,2.0,3.0,1.0,B02
201300030352,0,7,0,0.0,2.0,2.0,1.0,B01
201300003831,0,7,0,0.0,0.0,1.0,13.0,A01
201300046703,0,7,0,0.0,2.0,4.0,0.0,B01
201300012743,0,7,0,0.0,1.0,2.0,15.0,A01
201300051330,0,32,0,0.0,0.0,0.0,1.0,A01
201300012124,0,37,0,13.0,0.0,1.0,1.0,A01
201300045631,0,7,0,0.0,2.0,1.0,2.0,A01
201300036662,0,7,0,0.0,1.0,1.0,15.0,A01
201300048709,0,33,0,0.0,0.0,0.0,0.0,A01
201300031048,0,7,0,0.0,2.0,3.0,1.0,A01
201300043649,0,7,0,0.0,2.0,2.0,15.0,A01
201300019546,0,7,0,0.0,2.0,1.0,0.0,A01
201300015468,0,7,0,0.0,1.0,1.0,20.0,A01
201300032749,0,7,0,14.0,0.0,3.0,21.0,D01
201300038287,0,7,0,0.0,2.0,1.0,1.0,B01
201300026361,0,7,0,3.0,2.0,9.0,1.0,A01
201300048132,1,7,0,0.0,1.0,1.0,1.0,Z01
201300052432,0,7,0,0.0,1.0,0.0,20.0,A01
201300057898,0,7,0,0.0,9.0,8.0,15.0,A01
201300045621,0,7,0,0.0,2.0,2.0,1.0,A01
201300006487,0,17,0,0.0,2.0,3.0,1.0,B02
201300009805,0,7,0,0.0,0.0,6.0,15.0,A01
201300000898,0,99,0,0.0,2.0,3.0,1.0,B02
201300001531,0,33,0,2.0,0.0,1.0,17.0,A01
201300027546,0,7,0,0.0,2.0,4.0,2.0,C01
201300041213,0,7,0,0.0,2.0,8.0,1.0,B01
201300004472,0,7,0,0.0,0.0,3.0,13.0,A01
201300043554,0,33,0,0.0,2.0,1.0,1.0,A01
201300048184,0,7,0,0.0,0.0,4.0,2.0,B01
201300016842,0,15,0,0.0,2.0,3.0,1.0,A01
201300031248,0,2,0,0.0,2.0,0.0,15.0,A01
201300053384,0,7,0,0.0,0.0,8.0,22.0,A01
201300009697,0,7,0,0.0,6.0,9.0,21.0,A01
201300056549,0,7,0,0.0,2.0,8.0,23.0,E01
201300042972,0,7,0,0.0,2.0,1.0,0.0,A01
201300021037,0,30,0,0.0,2.0,1.0,1.0,A01
201300054119,0,7,0,1.0,0.0,3.0,1.0,A01
201300043240,0,7,0,0.0,2.0,1.0,2.0,B01
201300017651,0,7,0,2.0,0.0,1.0,1.0,A01
201300027147,1,7,0,0.0,2.0,0.0,0.0,B01
201300013513,0,7,0,0.0,2.0,1.0,13.0,A01
201300035040,0,7,0,0.0,2.0,2.0,15.0,A01
201300040869,0,7,0,9.0,2.0,1.0,0.0,A01
201300008066,0,7,0,2.0,0.0,3.0,1.0,A01
201300008240,0,7,0,0.0,2.0,3.0,1.0,B02
201300050249,0,1,0,0.0,2.0,0.0,15.0,B01
201300040402,0,7,0,0.0,2.0,3.0,10.0,A01
201300023545,0,7,0,1.0,0.0,7.0,1.0,B01
201300013776,0,7,0,0.0,0.0,4.0,2.0,B01
201300055064,0,10,0,0.0,2.0,5.0,16.0,A01
201300012040,0,14,0,0.0,2.0,7.0,17.0,B02
201300020469,0,7,0,0.0,2.0,1.0,13.0,A01
201300004690,0,7,0,13.0,0.0,1.0,13.0,A01
201300006803,0,7,0,0.0,0.0,0.0,15.0,B02
201300041045,0,7,0,0.0,1.0,1.0,0.0,A01
201300009638,0,7,0,0.0,2.0,1.0,1.0,A01
201300013371,0,10,0,13.0,2.0,2.0,17.0,A01
201300017945,0,7,0,2.0,0.0,1.0,1.0,A01
201300056070,0,31,0,0.0,2.0,1.0,1.0,B01
201300048428,0,10,0,0.0,2.0,2.0,2.0,A01
201300046604,0,10,0,0.0,2.0,4.0,0.0,B01
201300052192,0,2,0,0.0,2.0,1.0,1.0,B01
201300003556,0,10,0,0.0,2.0,1.0,15.0,A01
201300051096,0,34,0,0.0,0.0,0.0,21.0,A01
201300052196,0,10,0,0.0,1.0,8.0,1.0,A01
201300038828,0,7,0,0.0,1.0,1.0,2.0,A01
201300015849,0,7,0,0.0,2.0,3.0,9.0,B01
201300028969,0,7,0,8.0,0.0,1.0,0.0,A01
201300018933,0,7,0,0.0,9.0,7.0,1.0,A01
201300007443,0,7,0,4.0,2.0,3.0,11.0,A01
201300000869,0,7,0,0.0,2.0,3.0,0.0,B02
201300022168,0,7,0,0.0,2.0,4.0,1.0,B01
201300034852,0,7,0,6.0,0.0,1.0,16.0,A01
201300033204,0,1,0,0.0,2.0,8.0,19.0,B01
201300000959,0,10,0,0.0,1.0,4.0,4.0,A01
201300048580,0,7,0,0.0,0.0,7.0,1.0,A01
201300030268,0,33,0,0.0,2.0,1.0,17.0,B01
201300006752,0,30,0,8.0,0.0,0.0,14.0,A01
201300019440,0,7,0,6.0,0.0,1.0,1.0,A01
201300042400,0,3,0,0.0,2.0,5.0,1.0,B01
201300028891,0,7,0,0.0,2.0,0.0,2.0,A01
201300050323,0,32,0,0.0,1.0,0.0,1.0,A01
201300041457,0,7,0,0.0,0.0,2.0,15.0,A01
201300014070,0,10,0,0.0,2.0,6.0,15.0,B01
201300051905,0,7,0,0.0,2.0,2.0,1.0,B01
201300000946,0,30,0,0.0,2.0,1.0,15.0,B02
201300038218,0,10,0,1.0,1.0,2.0,1.0,B01
201300038797,0,7,0,0.0,2.0,5.0,1.0,B01
201300022671,0,7,0,0.0,2.0,4.0,2.0,B01
201300052164,0,1,0,1.0,2.0,1.0,5.0,B01
201300049787,1,99,0,0.0,2.0,2.0,0.0,Z01
201300002957,0,7,0,0.0,0.0,2.0,15.0,B02
201300016614,0,33,0,14.0,0.0,8.0,1.0,A01
201300058153,0,2,0,0.0,2.0,1.0,15.0,A01
201300053654,0,30,0,0.0,2.0,1.0,1.0,B01
201300003111,0,1,0,0.0,2.0,1.0,15.0,B02
201300004161,0,33,0,0.0,2.0,8.0,1.0,B02
201300005319,0,33,0,0.0,2.0,1.0,17.0,B02
201300051813,0,33,0,0.0,2.0,8.0,1.0,B01
201300056946,0,10,0,0.0,2.0,1.0,9.0,A01
201300045946,0,33,0,4.0,0.0,8.0,21.0,A01
201300024651,0,7,0,0.0,2.0,3.0,1.0,B01
201300056798,0,7,0,0.0,2.0,2.0,1.0,B01
201300037549,0,7,0,0.0,2.0,1.0,1.0,A01
201300013352,0,7,0,0.0,2.0,1.0,2.0,C03
201300021066,0,7,0,0.0,2.0,4.0,2.0,B01
201300054305,0,7,0,0.0,2.0,4.0,2.0,A01
201300018739,0,21,0,0.0,2.0,3.0,15.0,B02
201300049654,0,31,0,0.0,2.0,1.0,21.0,A01
201300044713,0,33,0,0.0,2.0,7.0,2.0,A01
201300033580,0,33,0,0.0,2.0,1.0,3.0,A01
201300003421,0,7,0,0.0,2.0,3.0,13.0,A01
201300018156,0,1,0,0.0,0.0,0.0,0.0,B02
201300043405,0,30,0,0.0,2.0,3.0,18.0,A01
201300047582,0,10,0,0.0,2.0,4.0,11.0,A01
201300030546,0,7,0,0.0,0.0,8.0,1.0,B01
201300000322,0,30,0,0.0,2.0,1.0,17.0,B02
201300016926,0,7,0,0.0,2.0,6.0,4.0,A01
201300016833,0,7,0,0.0,1.0,4.0,4.0,A01
201300058065,0,7,0,0.0,2.0,4.0,0.0,B01
201300029485,0,7,0,0.0,2.0,2.0,1.0,A01
201300010383,0,31,0,0.0,2.0,1.0,1.0,B01
201300029562,0,7,0,0.0,2.0,1.0,1.0,B01
201300026428,0,7,0,0.0,2.0,3.0,1.0,B01
201300054922,0,2,0,0.0,2.0,1.0,2.0,B01
201300056166,0,7,0,0.0,2.0,2.0,1.0,A01
201300040468,0,10,0,0.0,2.0,1.0,1.0,A01
201300057975,0,7,0,0.0,1.0,1.0,0.0,A01
201300036096,0,2,0,0.0,2.0,1.0,1.0,A01
201300043627,0,33,0,0.0,2.0,0.0,1.0,B01
201300004470,0,7,0,0.0,2.0,2.0,1.0,B02
201300042873,0,7,0,15.0,2.0,1.0,2.0,A01
201300039579,0,7,0,0.0,1.0,1.0,1.0,A01
201300052704,0,1,0,0.0,2.0,1.0,1.0,B01
201300031347,0,33,0,1.0,2.0,1.0,2.0,B01
201300024600,0,7,0,0.0,2.0,1.0,1.0,A01
201300028454,0,7,0,0.0,2.0,1.0,1.0,A01
201300020933,0,7,0,8.0,0.0,7.0,0.0,A01
201300052735,0,10,0,0.0,2.0,2.0,1.0,A01